[
    {
        "key": "datr",
        "value": "zTxLYYUacs5uSLeM7CKtmUlY",
        "domain": "facebook.com",
        "path": "/",
        "hostOnly": false,
        "creation": "2021-09-22T14:31:05.379Z",
        "lastAccessed": "2021-09-22T14:31:05.379Z"
    },
    {
        "key": "sb",
        "value": "zTxLYRm1t1CUHWTCwuIpOsDk",
        "domain": "facebook.com",
        "path": "/",
        "hostOnly": false,
        "creation": "2021-09-22T14:31:05.379Z",
        "lastAccessed": "2021-09-22T14:31:05.379Z"
    },
    {
        "key": "m_pixel_ratio",
        "value": "1.75",
        "domain": "facebook.com",
        "path": "/",
        "hostOnly": false,
        "creation": "2021-09-22T14:31:05.379Z",
        "lastAccessed": "2021-09-22T14:31:05.379Z"
    },
    {
        "key": "fr",
        "value": "1Z5L4uuHOoVXmfb8t.AWWF0vwcwe-GsfwNldhI3-Hcn4E.BhSzzN.2V.AAA.0.0.BhSz0r.AWVskqYbPJw",
        "domain": "facebook.com",
        "path": "/",
        "hostOnly": false,
        "creation": "2021-09-22T14:31:05.379Z",
        "lastAccessed": "2021-09-22T14:31:05.379Z"
    },
    {
        "key": "c_user",
        "value": "100046690477721",
        "domain": "facebook.com",
        "path": "/",
        "hostOnly": false,
        "creation": "2021-09-22T14:31:05.379Z",
        "lastAccessed": "2021-09-22T14:31:05.379Z"
    },
    {
        "key": "xs",
        "value": "9%3AiHdY7Vb3Szv0ow%3A2%3A1632320811%3A-1%3A6216",
        "domain": "facebook.com",
        "path": "/",
        "hostOnly": false,
        "creation": "2021-09-22T14:31:05.379Z",
        "lastAccessed": "2021-09-22T14:31:05.379Z"
    },
    {
        "key": "wd",
        "value": "412x751",
        "domain": "facebook.com",
        "path": "/",
        "hostOnly": false,
        "creation": "2021-09-22T14:31:05.379Z",
        "lastAccessed": "2021-09-22T14:31:05.379Z"
    }
]